,time,article,Quantity
0,7,BAGUETTE,554
1,7,BAGUETTE APERO,1
2,7,BAGUETTE GRAINE,34
3,7,BANETTE,380
4,7,BANETTINE,95
5,7,BOISSON 33CL,73
6,7,BOTTEREAU,3
7,7,BOULE 200G,49
8,7,BOULE 400G,44
9,7,BOULE POLKA,1
10,7,BRIOCHE,82
11,7,BROWNIES,3
12,7,CAFE OU EAU,93
13,7,CAMPAGNE,42
14,7,CEREAL BAGUETTE,104
15,7,CHAUSSON AUX POMMES,63
16,7,CHOCOLAT,15
17,7,COMPLET,44
18,7,COOKIE,77
19,7,COUPE,233
20,7,CROISSANT,1212
21,7,CROISSANT AMANDES,76
22,7,DELICETROPICAL,2
23,7,DEMI BAGUETTE,27
24,7,DIVERS BOISSONS,3
25,7,DIVERS BOULANGERIE,15
26,7,DIVERS CONFISERIE,8
27,7,DIVERS PATISSERIE,2
28,7,DIVERS SANDWICHS,1
29,7,DIVERS VIENNOISERIE,8
30,7,ECLAIR,29
31,7,FICELLE,232
32,7,FINANCIER,2
33,7,FINANCIER X5,17
34,7,FLAN,12
35,7,FLAN ABRICOT,6
36,7,FONDANT CHOCOLAT,9
37,7,FORMULE SANDWICH,72
38,7,FRAISIER,4
39,7,GACHE,1
40,7,GAL FRANGIPANE 4P,1
41,7,GAL FRANGIPANE 6P,1
42,7,GD FAR BRETON,1
43,7,GD KOUIGN AMANN,16
44,7,GD NANTAIS,1
45,7,GRAND FAR BRETON,13
46,7,GRANDE SUCETTE,2
47,7,KOUIGN AMANN,33
48,7,MACARON,2
49,7,MILLES FEUILLES,11
50,7,MOISSON,37
51,7,NANTAIS,5
52,7,NOIX JAPONAISE,2
53,7,PAILLE,3
54,7,PAIN,28
55,7,PAIN AU CHOCOLAT,1130
56,7,PAIN AUX RAISINS,172
57,7,PAIN BANETTE,30
58,7,PAIN CHOCO AMANDES,115
59,7,PAIN DE MIE,1
60,7,PAIN SUISSE PEPITO,1
61,7,PALET BRETON,5
62,7,PARIS BREST,26
63,7,PLAT 6.50E,2
64,7,PLAT 7.00,7
65,7,PLAT 7.60E,10
66,7,PLAT 8.30E,1
67,7,PT NANTAIS,6
68,7,QUIM BREAD,38
69,7,RELIGIEUSE,1
70,7,ROYAL 6P,1
71,7,SABLE F  P,3
72,7,SACHET DE CROUTON,3
73,7,SACHET VIENNOISERIE,39
74,7,SAND JB EMMENTAL,26
75,7,SANDWICH COMPLET,26
76,7,SAVARIN,3
77,7,SEIGLE,11
78,7,SPECIAL BREAD,114
79,7,SPECIAL BREAD KG,12
80,7,ST HONORE,1
81,7,SUCETTE,3
82,7,TARTE FINE,1
83,7,TARTE FRUITS 4P,4
84,7,TARTE FRUITS 6P,3
85,7,TARTELETTE,32
86,7,TARTELETTE FRAISE,15
87,7,THE,1
88,7,TRADITIONAL BAGUETTE,1361
89,7,TRAITEUR,14
90,7,TROPEZIENNE,3
91,7,TROPEZIENNE FRAMBOISE,1
92,7,VIENNOISE,17
93,7,VIK BREAD,36
94,8,12 MACARON,3
95,8,BAGUETTE,2227
96,8,BAGUETTE APERO,9
97,8,BAGUETTE GRAINE,173
98,8,BANETTE,1574
99,8,BANETTINE,523
100,8,BOISSON 33CL,199
101,8,BOTTEREAU,7
102,8,BOULE 200G,247
103,8,BOULE 400G,394
104,8,BOULE POLKA,38
105,8,BRIOCHE,322
106,8,BRIOCHE DE NOEL,1
107,8,BRIOCHETTE,13
108,8,BROWNIES,3
109,8,CAFE OU EAU,461
110,8,CAMPAGNE,332
111,8,CARAMEL NOIX,2
112,8,CEREAL BAGUETTE,483
113,8,CHAUSSON AUX POMMES,259
114,8,CHOCOLAT,17
115,8,CHOU CHANTILLY,9
116,8,COMPLET,248
117,8,COOKIE,229
118,8,COUPE,1637
119,8,CROISSANT,3672
120,8,CROISSANT AMANDES,287
121,8,CRUMBLE,1
122,8,DELICETROPICAL,1
123,8,DEMI BAGUETTE,166
124,8,DEMI PAIN,1
125,8,DIVERS BOISSONS,6
126,8,DIVERS BOULANGERIE,56
127,8,DIVERS CONFISERIE,31
128,8,DIVERS PATISSERIE,18
129,8,DIVERS SANDWICHS,3
130,8,DIVERS VIENNOISERIE,36
131,8,ECLAIR,116
132,8,ECLAIR FRAISE PISTACHE,1
133,8,ENTREMETS,1
134,8,FICELLE,775
135,8,FINANCIER X5,63
136,8,FLAN,51
137,8,FLAN ABRICOT,22
138,8,FONDANT CHOCOLAT,15
139,8,FORMULE SANDWICH,198
140,8,FRAISIER,33
141,8,FRAMBOISIER,2
142,8,GACHE,13
143,8,GAL FRANGIPANE 4P,5
144,8,GAL FRANGIPANE 6P,4
145,8,GAL POIRE CHOCO 6P,1
146,8,GAL POMME 4P,6
147,8,GAL POMME 6P,2
148,8,GD FAR BRETON,7
149,8,GD KOUIGN AMANN,51
150,8,GD NANTAIS,7
151,8,GRAND FAR BRETON,85
152,8,GRANDE SUCETTE,3
153,8,KOUIGN AMANN,96
154,8,MACARON,13
155,8,MERINGUE,4
156,8,MILLES FEUILLES,32
157,8,MOISSON,214
158,8,NANTAIS,15
159,8,NOIX JAPONAISE,9
160,8,PAILLE,7
161,8,PAIN,348
162,8,PAIN AU CHOCOLAT,3039
163,8,PAIN AUX RAISINS,617
164,8,PAIN BANETTE,173
165,8,PAIN CHOCO AMANDES,271
166,8,PAIN DE MIE,1
167,8,PAIN GRAINES,1
168,8,PAIN S/SEL,3
169,8,PAIN SUISSE PEPITO,1
170,8,PALET BRETON,14
171,8,PARIS BREST,67
172,8,PLAT 7.00,4
173,8,PLAT 7.60E,8
174,8,PLAT 8.30E,4
175,8,"PLATPREPARE6,50",2
176,8,PT NANTAIS,20
177,8,QUIM BREAD,130
178,8,RELIGIEUSE,7
179,8,ROYAL,13
180,8,ROYAL 4P,8
181,8,ROYAL 6P,4
182,8,SABLE F  P,6
183,8,SACHET DE CROUTON,6
184,8,SACHET DE VIENNOISERIE,1
185,8,SACHET VIENNOISERIE,113
186,8,SAND JB EMMENTAL,132
187,8,SANDWICH COMPLET,127
188,8,SAVARIN,8
189,8,SEIGLE,73
190,8,SPECIAL BREAD,440
191,8,SPECIAL BREAD KG,32
192,8,ST HONORE,6
193,8,SUCETTE,23
194,8,TARTE FINE,3
195,8,TARTE FRAISE 4PER,20
196,8,TARTE FRAISE 6P,9
197,8,TARTE FRUITS 4P,21
198,8,TARTE FRUITS 6P,8
199,8,TARTELETTE,142
200,8,TARTELETTE FRAISE,41
201,8,TRADITIONAL BAGUETTE,6177
202,8,TRAITEUR,27
203,8,TRIANGLES,3
204,8,TROPEZIENNE,15
205,8,VIENNOISE,49
206,8,VIK BREAD,339
207,9,.,1
208,9,12 MACARON,2
209,9,BAGUETTE,2685
210,9,BAGUETTE APERO,10
211,9,BAGUETTE GRAINE,235
212,9,BANETTE,2521
213,9,BANETTINE,669
214,9,BOISSON 33CL,134
215,9,BOTTEREAU,13
216,9,BOULE 200G,418
217,9,BOULE 400G,589
218,9,BOULE POLKA,76
219,9,BRIOCHE,299
220,9,BRIOCHE DE NOEL,1
221,9,BRIOCHETTE,13
222,9,BROWNIES,3
223,9,BUCHE 4PERS,2
224,9,BUCHE 6PERS,2
225,9,CAFE OU EAU,238
226,9,CAMPAGNE,571
227,9,CARAMEL NOIX,4
228,9,CEREAL BAGUETTE,647
229,9,CHAUSSON AUX POMMES,250
230,9,CHOCOLAT,24
231,9,CHOU CHANTILLY,16
232,9,COMPLET,455
233,9,COOKIE,281
234,9,COUPE,2843
235,9,CROISSANT,2986
236,9,CROISSANT AMANDES,301
237,9,CRUMBLE,1
238,9,DELICETROPICAL,10
239,9,DEMI BAGUETTE,165
240,9,DEMI PAIN,18
241,9,DIVERS BOISSONS,7
242,9,DIVERS BOULANGERIE,61
243,9,DIVERS CONFISERIE,39
244,9,DIVERS PATISSERIE,34
245,9,DIVERS SANDWICHS,14
246,9,DIVERS VIENNOISERIE,55
247,9,ECLAIR,209
248,9,ECLAIR FRAISE PISTACHE,2
249,9,ENTREMETS,1
250,9,FICELLE,513
251,9,FINANCIER,1
252,9,FINANCIER X5,106
253,9,FLAN,81
254,9,FLAN ABRICOT,39
255,9,FONDANT CHOCOLAT,7
256,9,FORMULE SANDWICH,223
257,9,FRAISIER,52
258,9,FRAMBOISIER,11
259,9,GACHE,21
260,9,GAL FRANGIPANE 4P,20
261,9,GAL FRANGIPANE 6P,7
262,9,GAL POIRE CHOCO 4P,2
263,9,GAL POMME 4P,10
264,9,GAL POMME 6P,9
265,9,GD FAR BRETON,21
266,9,GD KOUIGN AMANN,97
267,9,GD NANTAIS,5
268,9,GD PLATEAU SALE,1
269,9,GRAND FAR BRETON,151
270,9,GRANDE SUCETTE,14
271,9,KOUIGN AMANN,164
272,9,MACARON,11
273,9,MERINGUE,10
274,9,MILLES FEUILLES,78
275,9,MOISSON,354
276,9,NANTAIS,27
277,9,NID DE POULE,1
278,9,NOIX JAPONAISE,29
279,9,PAILLE,12
280,9,PAIN,474
281,9,PAIN AU CHOCOLAT,2773
282,9,PAIN AUX RAISINS,452
283,9,PAIN BANETTE,440
284,9,PAIN CHOCO AMANDES,246
285,9,PAIN DE MIE,5
286,9,PAIN S/SEL,9
287,9,PAIN SUISSE PEPITO,7
288,9,PALET BRETON,15
289,9,PARIS BREST,84
290,9,PLAT 7.00,3
291,9,PLAT 7.60E,15
292,9,PLAT 8.30E,11
293,9,"PLATPREPARE6,50",1
294,9,"PLATPREPARE7,00",1
295,9,PT NANTAIS,39
296,9,QUIM BREAD,164
297,9,REDUCTION SUCREES 12,2
298,9,RELIGIEUSE,12
299,9,ROYAL,20
300,9,ROYAL 4P,16
301,9,ROYAL 6P,15
302,9,SABLE F  P,7
303,9,SACHET DE CROUTON,12
304,9,SACHET VIENNOISERIE,100
305,9,SAND JB EMMENTAL,165
306,9,SANDWICH COMPLET,170
307,9,SAVARIN,57
308,9,SEIGLE,145
309,9,SPECIAL BREAD,679
310,9,SPECIAL BREAD KG,61
311,9,ST HONORE,5
312,9,SUCETTE,38
313,9,TARTE FINE,5
314,9,TARTE FRAISE 4PER,13
315,9,TARTE FRAISE 6P,27
316,9,TARTE FRUITS 4P,47
317,9,TARTE FRUITS 6P,55
318,9,TARTELETTE,244
319,9,TARTELETTE CHOC,4
320,9,TARTELETTE FRAISE,69
321,9,THE,1
322,9,TRADITIONAL BAGUETTE,8268
323,9,TRAITEUR,53
324,9,TRIANGLES,2
325,9,TROPEZIENNE,33
326,9,TROPEZIENNE FRAMBOISE,3
327,9,VIENNOISE,46
328,9,VIK BREAD,479
329,10,12 MACARON,16
330,10,ARMORICAIN,1
331,10,BAGUETTE,3228
332,10,BAGUETTE APERO,7
333,10,BAGUETTE GRAINE,272
334,10,BANETTE,3186
335,10,BANETTINE,554
336,10,BOISSON 33CL,109
337,10,BOTTEREAU,21
338,10,BOULE 200G,656
339,10,BOULE 400G,880
340,10,BOULE POLKA,127
341,10,BRIOCHE,252
342,10,BRIOCHE DE NOEL,6
343,10,BRIOCHETTE,6
344,10,BROWNIES,3
345,10,BUCHE 4PERS,2
346,10,CAFE OU EAU,181
347,10,CAMPAGNE,766
348,10,CARAMEL NOIX,8
349,10,CEREAL BAGUETTE,789
350,10,CHAUSSON AUX POMMES,239
351,10,CHOCOLAT,14
352,10,CHOU CHANTILLY,32
353,10,COMPLET,683
354,10,COOKIE,253
355,10,COUPE,4387
356,10,CROISSANT,1628
357,10,CROISSANT AMANDES,275
358,10,CRUMBLE,2
359,10,DELICETROPICAL,6
360,10,DEMI BAGUETTE,207
361,10,DEMI PAIN,70
362,10,DIVERS BOISSONS,7
363,10,DIVERS BOULANGERIE,47
364,10,DIVERS CONFISERIE,55
365,10,DIVERS PATISSERIE,80
366,10,DIVERS SANDWICHS,13
367,10,DIVERS VIENNOISERIE,105
368,10,ECLAIR,342
369,10,ECLAIR FRAISE PISTACHE,2
370,10,ENTREMETS,3
371,10,FICELLE,416
372,10,FINANCIER,2
373,10,FINANCIER X5,164
374,10,FLAN,161
375,10,FLAN ABRICOT,107
376,10,FONDANT CHOCOLAT,23
377,10,FORMULE SANDWICH,281
378,10,FRAISIER,99
379,10,FRAMBOISIER,20
380,10,GACHE,18
381,10,GAL FRANGIPANE 4P,32
382,10,GAL FRANGIPANE 6P,18
383,10,GAL POIRE CHOCO 4P,3
384,10,GAL POIRE CHOCO 6P,2
385,10,GAL POMME 4P,15
386,10,GAL POMME 6P,7
387,10,GD FAR BRETON,28
388,10,GD KOUIGN AMANN,145
389,10,GD NANTAIS,12
390,10,GRAND FAR BRETON,271
391,10,GRANDE SUCETTE,21
392,10,GUERANDAIS,1
393,10,KOUIGN AMANN,187
394,10,MACARON,12
395,10,MERINGUE,5
396,10,MILLES FEUILLES,180
397,10,MOISSON,508
398,10,NANTAIS,45
399,10,NID DE POULE,7
400,10,NOIX JAPONAISE,66
401,10,PAILLE,19
402,10,PAIN,394
403,10,PAIN AU CHOCOLAT,1542
404,10,PAIN AUX RAISINS,257
405,10,PAIN BANETTE,550
406,10,PAIN CHOCO AMANDES,204
407,10,PAIN DE MIE,5
408,10,PAIN GRAINES,1
409,10,PAIN S/SEL,36
410,10,PAIN SUISSE PEPITO,5
411,10,PALET BRETON,12
412,10,PARIS BREST,166
413,10,PLAQUE TARTE 25P,1
414,10,PLAT 7.00,8
415,10,PLAT 7.60E,26
416,10,PLAT 8.30E,22
417,10,"PLATPREPARE7,00",1
418,10,PT NANTAIS,73
419,10,PT PLATEAU SALE,1
420,10,QUIM BREAD,207
421,10,REDUCTION SUCREES 12,3
422,10,RELIGIEUSE,13
423,10,ROYAL,47
424,10,ROYAL 4P,12
425,10,ROYAL 6P,11
426,10,SABLE F  P,8
427,10,SACHET DE CROUTON,11
428,10,SACHET VIENNOISERIE,73
429,10,SAND JB EMMENTAL,185
430,10,SANDWICH COMPLET,271
431,10,SAVARIN,86
432,10,SEIGLE,358
433,10,SPECIAL BREAD,1078
434,10,SPECIAL BREAD KG,70
435,10,ST HONORE,14
436,10,SUCETTE,61
437,10,TARTE FINE,16
438,10,TARTE FRAISE 4PER,40
439,10,TARTE FRAISE 6P,27
440,10,TARTE FRUITS 4P,93
441,10,TARTE FRUITS 6P,61
442,10,TARTELETTE,498
443,10,TARTELETTE CHOC,5
444,10,TARTELETTE FRAISE,111
445,10,THE,3
446,10,TRADITIONAL BAGUETTE,12405
447,10,TRAITEUR,125
448,10,TRIANGLES,3
449,10,TROIS CHOCOLAT,1
450,10,TROPEZIENNE,53
451,10,TROPEZIENNE FRAMBOISE,1
452,10,VIENNOISE,20
453,10,VIK BREAD,622
454,11,12 MACARON,14
455,11,BAGUETTE,3039
456,11,BAGUETTE APERO,8
457,11,BAGUETTE GRAINE,349
458,11,BANETTE,3448
459,11,BANETTINE,461
460,11,BOISSON 33CL,198
461,11,BOTTEREAU,14
462,11,BOULE 200G,570
463,11,BOULE 400G,956
464,11,BOULE POLKA,90
465,11,BRIOCHE,253
466,11,BRIOCHE DE NOEL,6
467,11,BRIOCHETTE,7
468,11,BROWNIES,2
469,11,BUCHE 4PERS,2
470,11,BUCHE 6PERS,2
471,11,BUCHE 8PERS,1
472,11,CAFE OU EAU,153
473,11,CAMPAGNE,835
474,11,CARAMEL NOIX,18
475,11,CEREAL BAGUETTE,1005
476,11,CHAUSSON AUX POMMES,164
477,11,CHOCOLAT,1
478,11,CHOU CHANTILLY,56
479,11,COMPLET,690
480,11,COOKIE,293
481,11,COUPE,4725
482,11,CROISSANT,858
483,11,CROISSANT AMANDES,220
484,11,DELICETROPICAL,11
485,11,DEMI BAGUETTE,284
486,11,DEMI PAIN,32
487,11,DIVERS BOISSONS,21
488,11,DIVERS BOULANGERIE,49
489,11,DIVERS CONFISERIE,96
490,11,DIVERS PATISSERIE,110
491,11,DIVERS SANDWICHS,33
492,11,DIVERS VIENNOISERIE,104
493,11,DOUCEUR D HIVER,1
494,11,ECLAIR,501
495,11,ECLAIR FRAISE PISTACHE,4
496,11,ENTREMETS,9
497,11,FICELLE,295
498,11,FINANCIER,3
499,11,FINANCIER X5,228
500,11,FLAN,219
501,11,FLAN ABRICOT,128
502,11,FONDANT CHOCOLAT,42
503,11,FORMULE PATE,1
504,11,FORMULE PLAT PREPARE,1
505,11,FORMULE SANDWICH,837
506,11,FRAISIER,93
507,11,FRAMBOISIER,15
508,11,GACHE,22
509,11,GAL FRANGIPANE 4P,62
510,11,GAL FRANGIPANE 6P,30
511,11,GAL POIRE CHOCO 4P,9
512,11,GAL POIRE CHOCO 6P,3
513,11,GAL POMME 4P,18
514,11,GAL POMME 6P,16
515,11,GD FAR BRETON,38
516,11,GD KOUIGN AMANN,205
517,11,GD NANTAIS,22
518,11,GD PLATEAU SALE,1
519,11,GRAND FAR BRETON,334
520,11,GRANDE SUCETTE,30
521,11,KOUIGN AMANN,263
522,11,MACARON,26
523,11,MERINGUE,12
524,11,MILLES FEUILLES,180
525,11,MOISSON,792
526,11,NANTAIS,77
527,11,NID DE POULE,3
528,11,NOIX JAPONAISE,89
529,11,PAILLE,25
530,11,PAIN,292
531,11,PAIN AU CHOCOLAT,779
532,11,PAIN AUX RAISINS,163
533,11,PAIN BANETTE,630
534,11,PAIN CHOCO AMANDES,143
535,11,PAIN DE MIE,14
536,11,PAIN NOIR,1
537,11,PAIN S/SEL,63
538,11,PAIN SUISSE PEPITO,1
539,11,PALET BRETON,41
540,11,PALMIER,2
541,11,PARIS BREST,235
542,11,PATES,1
543,11,PLAT 7.00,22
544,11,PLAT 7.60E,66
545,11,PLAT 8.30E,20
546,11,"PLATPREPARE5,50",2
547,11,"PLATPREPARE6,00",1
548,11,"PLATPREPARE6,50",1
549,11,"PLATPREPARE7,00",1
550,11,PT NANTAIS,98
551,11,PT PLATEAU SALE,1
552,11,QUIM BREAD,214
553,11,REDUCTION SUCREES 12,1
554,11,RELIGIEUSE,12
555,11,ROYAL,52
556,11,ROYAL 4P,16
557,11,ROYAL 6P,18
558,11,SABLE F  P,23
559,11,SACHET DE CROUTON,28
560,11,SACHET VIENNOISERIE,58
561,11,SAND JB EMMENTAL,279
562,11,SANDWICH COMPLET,475
563,11,SAVARIN,100
564,11,SEIGLE,261
565,11,SPECIAL BREAD,1265
566,11,SPECIAL BREAD KG,112
567,11,ST HONORE,23
568,11,SUCETTE,112
569,11,TARTE FINE,19
570,11,TARTE FRAISE 4PER,47
571,11,TARTE FRAISE 6P,32
572,11,TARTE FRUITS 4P,85
573,11,TARTE FRUITS 6P,77
574,11,TARTELETTE,703
575,11,TARTELETTE CHOC,19
576,11,TARTELETTE FRAISE,116
577,11,TRADITIONAL BAGUETTE,15462
578,11,TRAITEUR,240
579,11,TRIANGLES,13
580,11,TROPEZIENNE,90
581,11,TROPEZIENNE FRAMBOISE,7
582,11,TULIPE,2
583,11,VIENNOISE,17
584,11,VIK BREAD,749
585,12,.,2
586,12,12 MACARON,18
587,12,BAGUETTE,1953
588,12,BAGUETTE APERO,33
589,12,BAGUETTE GRAINE,264
590,12,BANETTE,2192
591,12,BANETTINE,232
592,12,BOISSON 33CL,445
593,12,BOTTEREAU,15
594,12,BOULE 200G,297
595,12,BOULE 400G,562
596,12,BOULE POLKA,67
597,12,BRIOCHE,186
598,12,BRIOCHE DE NOEL,2
599,12,BRIOCHETTE,4
600,12,BROWNIES,7
601,12,BUCHE 4PERS,2
602,12,BUCHE 6PERS,2
603,12,CAFE OU EAU,149
604,12,CAMPAGNE,608
605,12,CARAMEL NOIX,17
606,12,CEREAL BAGUETTE,884
607,12,CHAUSSON AUX POMMES,146
608,12,CHOU CHANTILLY,52
609,12,COMPLET,468
610,12,COOKIE,332
611,12,COUPE,2960
612,12,CROISSANT,401
613,12,CROISSANT AMANDES,184
614,12,CRUMBLE,3
615,12,DELICETROPICAL,6
616,12,DEMI BAGUETTE,151
617,12,DEMI PAIN,12
618,12,DIVERS BOISSONS,22
619,12,DIVERS BOULANGERIE,33
620,12,DIVERS CONFISERIE,97
621,12,DIVERS PATISSERIE,106
622,12,DIVERS SANDWICHS,76
623,12,DIVERS VIENNOISERIE,127
624,12,ECLAIR,407
625,12,ECLAIR FRAISE PISTACHE,6
626,12,ENTREMETS,7
627,12,FICELLE,156
628,12,FINANCIER,2
629,12,FINANCIER X5,204
630,12,FLAN,146
631,12,FLAN ABRICOT,120
632,12,FONDANT CHOCOLAT,44
633,12,FORMULE PATE,1
634,12,FORMULE PLAT PREPARE,2
635,12,FORMULE SANDWICH,2081
636,12,FRAISIER,47
637,12,FRAMBOISIER,11
638,12,GACHE,23
639,12,GAL FRANGIPANE 4P,36
640,12,GAL FRANGIPANE 6P,35
641,12,GAL POIRE CHOCO 4P,6
642,12,GAL POIRE CHOCO 6P,5
643,12,GAL POMME 4P,29
644,12,GAL POMME 6P,15
645,12,GALETTE 8 PERS,1
646,12,GD FAR BRETON,29
647,12,GD KOUIGN AMANN,157
648,12,GD NANTAIS,19
649,12,GRAND FAR BRETON,288
650,12,GRANDE SUCETTE,33
651,12,GUERANDAIS,1
652,12,KOUIGN AMANN,239
653,12,MACARON,31
654,12,MERINGUE,7
655,12,MILLES FEUILLES,139
656,12,MOISSON,541
657,12,NANTAIS,95
658,12,NOIX JAPONAISE,72
659,12,PAILLE,21
660,12,PAIN,130
661,12,PAIN AU CHOCOLAT,415
662,12,PAIN AUX RAISINS,96
663,12,PAIN BANETTE,435
664,12,PAIN CHOCO AMANDES,131
665,12,PAIN DE MIE,2
666,12,PAIN GRAINES,1
667,12,PAIN S/SEL,11
668,12,PAIN SUISSE PEPITO,3
669,12,PALET BRETON,35
670,12,PALMIER,1
671,12,PARIS BREST,161
672,12,PLAT,4
673,12,PLAT 7.00,41
674,12,PLAT 7.60E,81
675,12,PLAT 8.30E,32
676,12,"PLATPREPARE6,50",1
677,12,"PLATPREPARE7,00",1
678,12,PT NANTAIS,111
679,12,QUIM BREAD,190
680,12,REDUCTION SUCREES 12,1
681,12,RELIGIEUSE,17
682,12,ROYAL,25
683,12,ROYAL 4P,7
684,12,ROYAL 6P,8
685,12,SABLE F  P,17
686,12,SACHET DE CROUTON,15
687,12,SACHET VIENNOISERIE,53
688,12,SAND JB,3
689,12,SAND JB EMMENTAL,537
690,12,SANDWICH COMPLET,827
691,12,SAVARIN,56
692,12,SEIGLE,191
693,12,SPECIAL BREAD,777
694,12,SPECIAL BREAD KG,75
695,12,ST HONORE,24
696,12,SUCETTE,101
697,12,TARTE FINE,11
698,12,TARTE FRAISE 4PER,16
699,12,TARTE FRAISE 6P,19
700,12,TARTE FRUITS 4P,65
701,12,TARTE FRUITS 6P,46
702,12,TARTELETTE,670
703,12,TARTELETTE CHOC,13
704,12,TARTELETTE COCKTAIL,1
705,12,TARTELETTE FRAISE,88
706,12,TRADITIONAL BAGUETTE,12052
707,12,TRAITEUR,600
708,12,TRIANGLES,35
709,12,TROPEZIENNE,85
710,12,TROPEZIENNE FRAMBOISE,5
711,12,VIENNOISE,13
712,12,VIK BREAD,455
713,13,.,1
714,13,12 MACARON,1
715,13,BAGUETTE,296
716,13,BAGUETTE APERO,4
717,13,BAGUETTE GRAINE,29
718,13,BANETTE,258
719,13,BANETTINE,48
720,13,BOISSON 33CL,101
721,13,BOULE 200G,49
722,13,BOULE 400G,74
723,13,BOULE POLKA,8
724,13,BRIOCHE,26
725,13,BROWNIES,2
726,13,CAFE OU EAU,41
727,13,CAMPAGNE,95
728,13,CEREAL BAGUETTE,201
729,13,CHAUSSON AUX POMMES,32
730,13,CHOU CHANTILLY,15
731,13,COMPLET,80
732,13,COOKIE,60
733,13,COUPE,467
734,13,CROISSANT,61
735,13,CROISSANT AMANDES,48
736,13,DELICETROPICAL,1
737,13,DEMI BAGUETTE,22
738,13,DIVERS BOISSONS,5
739,13,DIVERS BOULANGERIE,4
740,13,DIVERS CONFISERIE,14
741,13,DIVERS PATISSERIE,27
742,13,DIVERS SANDWICHS,74
743,13,DIVERS VIENNOISERIE,55
744,13,ECLAIR,79
745,13,FICELLE,38
746,13,FINANCIER,1
747,13,FINANCIER X5,24
748,13,FLAN,34
749,13,FLAN ABRICOT,31
750,13,FONDANT CHOCOLAT,18
751,13,FORMULE PLAT PREPARE,6
752,13,FORMULE SANDWICH,453
753,13,FRAISIER,6
754,13,GACHE,5
755,13,GAL FRANGIPANE 4P,9
756,13,GAL FRANGIPANE 6P,7
757,13,GAL POMME 4P,7
758,13,GAL POMME 6P,7
759,13,GALETTE 8 PERS,1
760,13,GD FAR BRETON,1
761,13,GD KOUIGN AMANN,20
762,13,GD NANTAIS,2
763,13,GRAND FAR BRETON,35
764,13,GRANDE SUCETTE,6
765,13,KOUIGN AMANN,56
766,13,MILLES FEUILLES,31
767,13,MOISSON,87
768,13,NANTAIS,27
769,13,NOIX JAPONAISE,15
770,13,PAIN,78
771,13,PAIN AU CHOCOLAT,58
772,13,PAIN AUX RAISINS,24
773,13,PAIN BANETTE,79
774,13,PAIN CHOCO AMANDES,26
775,13,PAIN S/SEL,2
776,13,PALET BRETON,2
777,13,PARIS BREST,28
778,13,PATES,1
779,13,PLAT,3
780,13,PLAT 7.00,1
781,13,PLAT 7.60E,2
782,13,PLAT 8.30E,1
783,13,"PLATPREPARE7,00",4
784,13,PT NANTAIS,14
785,13,QUIM BREAD,51
786,13,RELIGIEUSE,1
787,13,ROYAL,1
788,13,ROYAL 6P,2
789,13,SACHET DE CROUTON,3
790,13,SACHET VIENNOISERIE,8
791,13,SAND JB,2
792,13,SAND JB EMMENTAL,138
793,13,SANDWICH COMPLET,242
794,13,SAVARIN,8
795,13,SEIGLE,25
796,13,SPECIAL BREAD,132
797,13,SPECIAL BREAD KG,21
798,13,ST HONORE,2
799,13,SUCETTE,19
800,13,TARTE FRUITS 4P,8
801,13,TARTE FRUITS 6P,3
802,13,TARTELETTE,110
803,13,TARTELETTE CHOC,2
804,13,TARTELETTE FRAISE,8
805,13,TRADITIONAL BAGUETTE,1893
806,13,TRAITEUR,108
807,13,TRIANGLES,4
808,13,TROPEZIENNE,5
809,13,TROPEZIENNE FRAMBOISE,4
810,13,VIENNOISE,3
811,13,VIK BREAD,55
812,14,BAGUETTE,9
813,14,BANETTE,7
814,14,BOISSON 33CL,5
815,14,BOULE 400G,3
816,14,BRIOCHE,1
817,14,CAFE OU EAU,2
818,14,CAMPAGNE,4
819,14,CEREAL BAGUETTE,13
820,14,CHAUSSON AUX POMMES,2
821,14,COMPLET,2
822,14,COOKIE,4
823,14,COUPE,8
824,14,CROISSANT,3
825,14,DEMI BAGUETTE,2
826,14,DIVERS SANDWICHS,4
827,14,DIVERS VIENNOISERIE,1
828,14,ECLAIR,1
829,14,FINANCIER X5,1
830,14,FLAN ABRICOT,2
831,14,FONDANT CHOCOLAT,2
832,14,FORMULE PLAT PREPARE,1
833,14,FORMULE SANDWICH,20
834,14,GRAND FAR BRETON,2
835,14,KOUIGN AMANN,3
836,14,MOISSON,1
837,14,PAIN,10
838,14,PAIN AU CHOCOLAT,6
839,14,PAIN BANETTE,1
840,14,PAIN CHOCO AMANDES,3
841,14,PARIS BREST,2
842,14,SAND JB EMMENTAL,8
843,14,SANDWICH COMPLET,16
844,14,SAVARIN,1
845,14,SPECIAL BREAD,2
846,14,SPECIAL BREAD KG,1
847,14,TARTELETTE,2
848,14,TRADITIONAL BAGUETTE,31
849,14,TRAITEUR,1
850,15,BAGUETTE,4
851,15,BANETTE,3
852,15,BOISSON 33CL,1
853,15,BOULE 200G,1
854,15,BOULE 400G,1
855,15,BROWNIES,1
856,15,CEREAL BAGUETTE,1
857,15,CHAUSSON AUX POMMES,2
858,15,COOKIE,3
859,15,COUPE,3
860,15,CROISSANT AMANDES,1
861,15,DEMI BAGUETTE,1
862,15,DIVERS PATISSERIE,1
863,15,ECLAIR,1
864,15,FICELLE,1
865,15,FLAN,3
866,15,FLAN ABRICOT,1
867,15,FORMULE SANDWICH,2
868,15,GRAND FAR BRETON,1
869,15,MOISSON,1
870,15,PAIN,1
871,15,PAIN AU CHOCOLAT,3
872,15,PAIN BANETTE,3
873,15,PAIN CHOCO AMANDES,3
874,15,PARIS BREST,2
875,15,QUIM BREAD,2
876,15,SAND JB EMMENTAL,1
877,15,SANDWICH COMPLET,1
878,15,TARTELETTE,4
879,15,TRADITIONAL BAGUETTE,38
880,15,TRAITEUR,1
881,15,TROPEZIENNE,1
882,15,VIENNOISE,1
883,15,VIK BREAD,1
884,16,.,1
885,16,12 MACARON,5
886,16,BAGUETTE,390
887,16,BAGUETTE GRAINE,35
888,16,BANETTE,363
889,16,BANETTINE,57
890,16,BOISSON 33CL,74
891,16,BOTTEREAU,3
892,16,BOULE 200G,105
893,16,BOULE 400G,180
894,16,BOULE POLKA,19
895,16,BRIOCHE,81
896,16,BRIOCHETTE,1
897,16,BROWNIES,6
898,16,BUCHE 4PERS,1
899,16,BUCHE 6PERS,1
900,16,CAFE OU EAU,47
901,16,CAKE,1
902,16,CAMPAGNE,151
903,16,CARAMEL NOIX,2
904,16,CEREAL BAGUETTE,157
905,16,CHAUSSON AUX POMMES,99
906,16,CHOU CHANTILLY,11
907,16,COMPLET,142
908,16,COOKIE,189
909,16,COUPE,878
910,16,CROISSANT,243
911,16,CROISSANT AMANDES,151
912,16,CRUMBLECARAMEL OU PISTAE,1
913,16,DEMI BAGUETTE,36
914,16,DEMI PAIN,3
915,16,DIVERS BOISSONS,6
916,16,DIVERS BOULANGERIE,17
917,16,DIVERS CONFISERIE,36
918,16,DIVERS PATISSERIE,49
919,16,DIVERS SANDWICHS,7
920,16,DIVERS VIENNOISERIE,69
921,16,ECLAIR,103
922,16,ECLAIR FRAISE PISTACHE,1
923,16,ENTREMETS,2
924,16,FICELLE,63
925,16,FINANCIER,1
926,16,FINANCIER X5,68
927,16,FLAN,56
928,16,FLAN ABRICOT,32
929,16,FONDANT CHOCOLAT,18
930,16,FORMULE SANDWICH,9
931,16,FRAISIER,5
932,16,FRAMBOISIER,1
933,16,GACHE,6
934,16,GAL FRANGIPANE 4P,10
935,16,GAL FRANGIPANE 6P,6
936,16,GAL POIRE CHOCO 4P,2
937,16,GAL POIRE CHOCO 6P,1
938,16,GAL POMME 4P,4
939,16,GAL POMME 6P,2
940,16,GD FAR BRETON,14
941,16,GD KOUIGN AMANN,38
942,16,GD NANTAIS,5
943,16,GRAND FAR BRETON,52
944,16,GRANDE SUCETTE,21
945,16,GUERANDAIS,1
946,16,KOUIGN AMANN,85
947,16,MACARON,14
948,16,MERINGUE,7
949,16,MILLES FEUILLES,35
950,16,MOISSON,154
951,16,NANTAIS,22
952,16,NOIX JAPONAISE,10
953,16,PAILLE,9
954,16,PAIN,32
955,16,PAIN AU CHOCOLAT,340
956,16,PAIN AUX RAISINS,76
957,16,PAIN BANETTE,104
958,16,PAIN CHOCO AMANDES,120
959,16,PAIN DE MIE,1
960,16,PAIN S/SEL,3
961,16,PALET BRETON,11
962,16,PARIS BREST,45
963,16,PLAT 7.60E,7
964,16,PLAT 8.30E,7
965,16,PT NANTAIS,35
966,16,QUIM BREAD,108
967,16,REDUCTION SUCREES 12,1
968,16,REDUCTION SUCREES 24,1
969,16,RELIGIEUSE,7
970,16,ROYAL,8
971,16,ROYAL 4P,1
972,16,SABLE F  P,3
973,16,SACHET DE CROUTON,10
974,16,SACHET VIENNOISERIE,20
975,16,SAND JB EMMENTAL,15
976,16,SANDWICH COMPLET,30
977,16,SAVARIN,7
978,16,SEIGLE,58
979,16,SPECIAL BREAD,177
980,16,SPECIAL BREAD KG,21
981,16,ST HONORE,5
982,16,SUCETTE,55
983,16,TARTE FINE,3
984,16,TARTE FRAISE 4PER,4
985,16,TARTE FRAISE 6P,5
986,16,TARTE FRUITS 4P,15
987,16,TARTE FRUITS 6P,4
988,16,TARTELETTE,136
989,16,TARTELETTE CHOC,3
990,16,TARTELETTE FRAISE,15
991,16,TRADITIONAL BAGUETTE,2423
992,16,TRAITEUR,46
993,16,TRIANGLES,5
994,16,TROPEZIENNE,17
995,16,VIENNOISE,4
996,16,VIK BREAD,128
997,17,12 MACARON,2
998,17,BAGUETTE,428
999,17,BAGUETTE APERO,1
1000,17,BAGUETTE GRAINE,36
1001,17,BANETTE,547
1002,17,BANETTINE,98
1003,17,BOISSON 33CL,83
1004,17,BOTTEREAU,4
1005,17,BOULE 200G,138
1006,17,BOULE 400G,205
1007,17,BOULE POLKA,23
1008,17,BRIOCHE,66
1009,17,BRIOCHE DE NOEL,3
1010,17,BRIOCHETTE,1
1011,17,BROWNIES,7
1012,17,BUCHE 4PERS,1
1013,17,BUCHE 6PERS,1
1014,17,CAFE OU EAU,46
1015,17,CAMPAGNE,251
1016,17,CARAMEL NOIX,12
1017,17,CEREAL BAGUETTE,274
1018,17,CHAUSSON AUX POMMES,112
1019,17,CHOCOLAT,1
1020,17,CHOU CHANTILLY,8
1021,17,COMPLET,164
1022,17,COOKIE,188
1023,17,COUPE,1199
1024,17,CROISSANT,276
1025,17,CROISSANT AMANDES,158
1026,17,DELICETROPICAL,1
1027,17,DEMI BAGUETTE,44
1028,17,DEMI PAIN,5
1029,17,DIVERS BOISSONS,5
1030,17,DIVERS BOULANGERIE,20
1031,17,DIVERS CONFISERIE,58
1032,17,DIVERS PATISSERIE,29
1033,17,DIVERS SANDWICHS,4
1034,17,DIVERS VIENNOISERIE,109
1035,17,ECLAIR,118
1036,17,ENTREMETS,1
1037,17,FICELLE,86
1038,17,FINANCIER,3
1039,17,FINANCIER X5,90
1040,17,FLAN,53
1041,17,FLAN ABRICOT,46
1042,17,FONDANT CHOCOLAT,21
1043,17,FORMULE SANDWICH,11
1044,17,FRAISIER,8
1045,17,FRAMBOISIER,2
1046,17,GACHE,9
1047,17,GAL FRANGIPANE 4P,20
1048,17,GAL FRANGIPANE 6P,9
1049,17,GAL POIRE CHOCO 4P,2
1050,17,GAL POIRE CHOCO 6P,2
1051,17,GAL POMME 4P,4
1052,17,GAL POMME 6P,2
1053,17,GD FAR BRETON,8
1054,17,GD KOUIGN AMANN,47
1055,17,GD NANTAIS,5
1056,17,GRAND FAR BRETON,71
1057,17,GRANDE SUCETTE,38
1058,17,KOUIGN AMANN,112
1059,17,MACARON,18
1060,17,MERINGUE,5
1061,17,MILLES FEUILLES,39
1062,17,MOISSON,218
1063,17,NANTAIS,37
1064,17,NOIX JAPONAISE,21
1065,17,PAILLE,7
1066,17,PAIN,42
1067,17,PAIN AU CHOCOLAT,321
1068,17,PAIN AUX RAISINS,78
1069,17,PAIN BANETTE,117
1070,17,PAIN CHOCO AMANDES,141
1071,17,PAIN DE MIE,2
1072,17,PAIN S/SEL,2
1073,17,PALET BRETON,8
1074,17,PALMIER,1
1075,17,PARIS BREST,56
1076,17,PLAT,1
1077,17,PLAT 7.00,4
1078,17,PLAT 7.60E,13
1079,17,PLAT 8.30E,10
1080,17,"PLATPREPARE6,50",1
1081,17,"PLATPREPARE7,00",2
1082,17,PT NANTAIS,40
1083,17,PT PLATEAU SALE,1
1084,17,QUIM BREAD,116
1085,17,RELIGIEUSE,5
1086,17,ROYAL,6
1087,17,ROYAL 4P,1
1088,17,ROYAL 6P,2
1089,17,SABLE F  P,4
1090,17,SACHET DE CROUTON,18
1091,17,SACHET VIENNOISERIE,20
1092,17,SAND JB EMMENTAL,7
1093,17,SANDWICH COMPLET,16
1094,17,SAVARIN,5
1095,17,SEIGLE,105
1096,17,SPECIAL BREAD,261
1097,17,SPECIAL BREAD KG,34
1098,17,ST HONORE,3
1099,17,SUCETTE,65
1100,17,TARTE FRAISE 4PER,4
1101,17,TARTE FRUITS 4P,12
1102,17,TARTE FRUITS 6P,7
1103,17,TARTELETTE,174
1104,17,TARTELETTE CHOC,1
1105,17,TARTELETTE FRAISE,11
1106,17,THE,1
1107,17,TRADITIONAL BAGUETTE,3716
1108,17,TRAITEUR,51
1109,17,TROPEZIENNE,28
1110,17,TROPEZIENNE FRAMBOISE,5
1111,17,VIENNOISE,8
1112,17,VIK BREAD,163
1113,18,12 MACARON,4
1114,18,ARMORICAIN,1
1115,18,BAGUETTE,413
1116,18,BAGUETTE GRAINE,63
1117,18,BANETTE,587
1118,18,BANETTINE,69
1119,18,BOISSON 33CL,49
1120,18,BOTTEREAU,5
1121,18,BOULE 200G,145
1122,18,BOULE 400G,178
1123,18,BOULE POLKA,45
1124,18,BRIOCHE,84
1125,18,BRIOCHETTE,1
1126,18,BROWNIES,1
1127,18,CAFE OU EAU,22
1128,18,CAMPAGNE,220
1129,18,CARAMEL NOIX,6
1130,18,CEREAL BAGUETTE,377
1131,18,CHAUSSON AUX POMMES,68
1132,18,CHOCOLAT,1
1133,18,CHOU CHANTILLY,7
1134,18,COMPLET,155
1135,18,COOKIE,88
1136,18,COUPE,1002
1137,18,CROISSANT,154
1138,18,CROISSANT AMANDES,95
1139,18,DELICETROPICAL,3
1140,18,DEMI BAGUETTE,38
1141,18,DEMI PAIN,17
1142,18,DIVERS BOISSONS,3
1143,18,DIVERS BOULANGERIE,12
1144,18,DIVERS CONFISERIE,44
1145,18,DIVERS PATISSERIE,34
1146,18,DIVERS SANDWICHS,8
1147,18,DIVERS VIENNOISERIE,139
1148,18,ECLAIR,97
1149,18,FICELLE,68
1150,18,FINANCIER,2
1151,18,FINANCIER X5,52
1152,18,FLAN,16
1153,18,FLAN ABRICOT,32
1154,18,FONDANT CHOCOLAT,18
1155,18,FORMULE SANDWICH,14
1156,18,FRAISIER,9
1157,18,FRAMBOISIER,2
1158,18,GACHE,10
1159,18,GAL FRANGIPANE 4P,8
1160,18,GAL FRANGIPANE 6P,4
1161,18,GAL POIRE CHOCO 6P,1
1162,18,GAL POMME 4P,3
1163,18,GD FAR BRETON,13
1164,18,GD KOUIGN AMANN,47
1165,18,GD NANTAIS,8
1166,18,GRAND FAR BRETON,65
1167,18,GRANDE SUCETTE,25
1168,18,KOUIGN AMANN,81
1169,18,MACARON,5
1170,18,MERINGUE,1
1171,18,MILLES FEUILLES,34
1172,18,MOISSON,185
1173,18,NANTAIS,38
1174,18,NID DE POULE,1
1175,18,NOIX JAPONAISE,18
1176,18,PAILLE,3
1177,18,PAIN,80
1178,18,PAIN AU CHOCOLAT,152
1179,18,PAIN AUX RAISINS,46
1180,18,PAIN BANETTE,146
1181,18,PAIN CHOCO AMANDES,76
1182,18,PAIN S/SEL,1
1183,18,PALET BRETON,12
1184,18,PALMIER,1
1185,18,PARIS BREST,40
1186,18,PLAT 7.00,4
1187,18,PLAT 7.60E,15
1188,18,PLAT 8.30E,8
1189,18,PT NANTAIS,38
1190,18,QUIM BREAD,80
1191,18,RELIGIEUSE,4
1192,18,ROYAL,2
1193,18,ROYAL 6P,1
1194,18,SABLE F  P,11
1195,18,SACHET DE CROUTON,4
1196,18,SACHET VIENNOISERIE,12
1197,18,SAND JB EMMENTAL,9
1198,18,SANDWICH COMPLET,9
1199,18,SAVARIN,6
1200,18,SEIGLE,93
1201,18,SPECIAL BREAD,237
1202,18,SPECIAL BREAD KG,20
1203,18,SUCETTE,44
1204,18,TARTE FINE,3
1205,18,TARTE FRAISE 4PER,4
1206,18,TARTE FRAISE 6P,4
1207,18,TARTE FRUITS 4P,8
1208,18,TARTE FRUITS 6P,8
1209,18,TARTELETTE,131
1210,18,TARTELETTE CHOC,4
1211,18,TARTELETTE FRAISE,16
1212,18,TRADITIONAL BAGUETTE,3491
1213,18,TRAITEUR,33
1214,18,TRIANGLES,2
1215,18,TROPEZIENNE,24
1216,18,TULIPE,1
1217,18,VIENNOISE,4
1218,18,VIK BREAD,107
1219,19,BAGUETTE,66
1220,19,BAGUETTE GRAINE,15
1221,19,BANETTE,64
1222,19,BANETTINE,11
1223,19,BOISSON 33CL,10
1224,19,BOULE 200G,16
1225,19,BOULE 400G,33
1226,19,BOULE POLKA,8
1227,19,BRIOCHE,5
1228,19,CAFE OU EAU,3
1229,19,CAMPAGNE,30
1230,19,CEREAL BAGUETTE,26
1231,19,CHAUSSON AUX POMMES,6
1232,19,COMPLET,9
1233,19,COOKIE,5
1234,19,COUPE,127
1235,19,CROISSANT,14
1236,19,CROISSANT AMANDES,8
1237,19,DEMI BAGUETTE,1
1238,19,DEMI PAIN,5
1239,19,DIVERS BOULANGERIE,2
1240,19,DIVERS CONFISERIE,4
1241,19,DIVERS PATISSERIE,10
1242,19,DIVERS SANDWICHS,2
1243,19,DIVERS VIENNOISERIE,19
1244,19,ECLAIR,3
1245,19,FICELLE,12
1246,19,FINANCIER X5,4
1247,19,FLAN,1
1248,19,FLAN ABRICOT,2
1249,19,FONDANT CHOCOLAT,1
1250,19,FORMULE SANDWICH,1
1251,19,FRAISIER,1
1252,19,GAL FRANGIPANE 6P,1
1253,19,GAL POMME 4P,1
1254,19,GAL POMME 6P,1
1255,19,GD FAR BRETON,1
1256,19,GD KOUIGN AMANN,9
1257,19,GD NANTAIS,2
1258,19,GRAND FAR BRETON,10
1259,19,KOUIGN AMANN,13
1260,19,MILLES FEUILLES,5
1261,19,MOISSON,14
1262,19,NANTAIS,2
1263,19,NOIX JAPONAISE,3
1264,19,PAIN,9
1265,19,PAIN AU CHOCOLAT,20
1266,19,PAIN AUX RAISINS,10
1267,19,PAIN BANETTE,19
1268,19,PAIN CHOCO AMANDES,5
1269,19,PAIN S/SEL,1
1270,19,PALET BRETON,1
1271,19,PARIS BREST,5
1272,19,PLAT 7.60E,1
1273,19,"PLATPREPARE5,50",1
1274,19,"PLATPREPARE7,00",1
1275,19,PT NANTAIS,4
1276,19,QUIM BREAD,4
1277,19,RELIGIEUSE,1
1278,19,SACHET DE CROUTON,1
1279,19,SACHET VIENNOISERIE,1
1280,19,SAND JB EMMENTAL,3
1281,19,SEIGLE,14
1282,19,SPECIAL BREAD,33
1283,19,SPECIAL BREAD KG,1
1284,19,ST HONORE,1
1285,19,SUCETTE,4
1286,19,TARTE FRAISE 4PER,1
1287,19,TARTE FRAISE 6P,2
1288,19,TARTELETTE,15
1289,19,TARTELETTE CHOC,1
1290,19,TARTELETTE FRAISE,3
1291,19,TRADITIONAL BAGUETTE,367
1292,19,TRAITEUR,10
1293,19,TROPEZIENNE,3
1294,19,VIENNOISE,1
1295,19,VIK BREAD,13
1296,20,ARTICLE 295,1
1297,20,COUPE,1
1298,20,MOISSON,1
1299,20,TRADITIONAL BAGUETTE,5
